"Timestamp","Faculty","Gender","Level of studying ","How did you get the information about boarding facilities up to now?","If you are provided with a website to find boarding places will you agree or not?","What are the information do you need from the website? [Location]","What are the information do you need from the website? [Accommodation Type ]","What are the information do you need from the website? [Number  of rooms ,  room facilities]","What are the information do you need from the website? [Washroom Facilities]","What are the information do you need from the website? [Rent]","What are the information do you need from the website? [Near by shops ]","What are the information do you need from the website? [Kitchen Availability]","What are the information do you need from the website? [Faculty mates Availability]","What are the information do you need from the website? [Parking Facilities]","What are the information do you need from the website? [Providence of meals]","What are the other facilities expected to be provided?",""
"2018/07/24 3:06:30 PM GMT+5:30","Faculty of Science","Female","Level 2 (2nd year)","By friend","Agree / Like","Essential","Essential","Essential","Not essential","Essential","Useful , If provided","Not essential","Not essential","Useful , If provided","Useful , If provided","",""
"2018/07/24 3:26:29 PM GMT+5:30","Faculty of Science","Female","Level 2 (2nd year)","By friend","Agree / Like","Essential","Essential","Essential","Essential","Essential","Useful , If provided","Essential","Useful , If provided","Useful , If provided","Essential","",""
"2018/07/24 3:27:38 PM GMT+5:30","Faculty of Science","Male","Level 2 (2nd year)","By friend","Agree / Like","Essential","Essential","Essential","Essential","Useful , If provided","Useful , If provided","Useful , If provided","Not essential","Not essential","Not essential","",""
"2018/07/26 11:48:42 PM GMT+5:30","Faculty of Science","Male","Level 4 ( 4th year)","By friend","Agree / Like","Essential","Essential","Essential","Essential","Essential","Not essential","Useful , If provided","Not essential","Not essential","Essential","",""
"2018/07/27 9:53:32 AM GMT+5:30","Faculty of Science","Male","Level 2 (2nd year)","By friend","Agree / Like","Essential","Essential","Essential","Essential","Essential","Useful , If provided","Useful , If provided","Not essential","Essential","Not essential","Security  for girls boarding houses",""
"2018/07/27 10:03:15 AM GMT+5:30","Faculty of Science","Male","Level 2 (2nd year)","By friend","Agree / Like","Essential","Essential","Essential","Essential","Essential","Essential","Essential","Essential","Essential","Essential","Free WiFi ",""
"2018/07/27 10:03:17 AM GMT+5:30","Faculty of Science","Male","Level 2 (2nd year)","By friend","Agree / Like","Essential","Essential","Essential","Essential","Essential","Essential","Essential","Essential","Essential","Essential","Free WiFi ",""
"2018/07/27 10:04:53 AM GMT+5:30","Faculty of Science","Male","Level 2 (2nd year)","By friend","Agree / Like","Essential","Essential","Essential","Essential","Essential","Useful , If provided","Useful , If provided","Useful , If provided","Useful , If provided","Useful , If provided","Agreement details, whether the boarding will given on contract basis or oral talks",""
"2018/07/27 10:09:19 AM GMT+5:30","Faculty of Science","Female","Level 5 (5th year)","By friend","Agree / Like","Essential","Essential","Useful , If provided","Useful , If provided","Essential","Not essential","Useful , If provided","Useful , If provided","Useful , If provided","Useful , If provided","",""
"2018/07/27 10:11:21 AM GMT+5:30","Faculty of Science","Female","Level 2 (2nd year)","By friend","Agree / Like","Essential","Essential","Essential","Essential","Essential","Essential","Essential","Essential","Essential","Essential","",""
"2018/07/27 10:12:48 AM GMT+5:30","Faculty of Science","Male","Level 3 (3rd year)","By friend","Agree / Like","Essential","Useful , If provided","Not essential","Essential","Useful , If provided","Not essential","Useful , If provided","Useful , If provided","Useful , If provided","Essential","",""
"2018/07/27 10:16:08 AM GMT+5:30","Faculty of Science","Male","Level 3 (3rd year)","By friend","Agree / Like","Essential","Essential","Essential","Essential","Essential","Useful , If provided","Useful , If provided","Useful , If provided","Useful , If provided","Useful , If provided","",""
"2018/07/27 10:17:55 AM GMT+5:30","Faculty of Science","Female","Level 2 (2nd year)","By friend","Agree / Like","Essential","Essential","Essential","Essential","Essential","Useful , If provided","Essential","Essential","Useful , If provided","Useful , If provided","No",""
"2018/07/27 10:18:11 AM GMT+5:30","Faculty of Science","Male","Level 3 (3rd year)","By friend","Agree / Like","Essential","Essential","Essential","Essential","Useful , If provided","Useful , If provided","Essential","Useful , If provided","Not essential","Not essential","How far from campus to bording",""
"2018/07/27 10:20:06 AM GMT+5:30","Faculty of Science","Male","Level 3 (3rd year)","By friend","Agree / Like","Essential","Essential","Essential","Essential","Essential","Useful , If provided","Essential","Useful , If provided","Not essential","Useful , If provided","It is enough",""
"2018/07/27 10:23:57 AM GMT+5:30","Faculty of Science","Male","Level 2 (2nd year)","By seniors","Agree / Like","Essential","Useful , If provided","Essential","Useful , If provided","Useful , If provided","Essential","Useful , If provided","Useful , If provided","Essential","Essential","ðŸ¤”ðŸ¤”ðŸ¤”ðŸ¤”ðŸ¤”ðŸ¤”ðŸ¤”ðŸ¤”",""
"2018/07/27 10:30:48 AM GMT+5:30","Faculty of Science","Male","Level 2 (2nd year)","By friend","Agree / Like","Essential","Essential","Essential","Essential","Essential","Essential","Essential","Essential","Essential","Essential","",""
"2018/07/27 10:37:28 AM GMT+5:30","Faculty of Science","Male","Level 2 (2nd year)","By friend","Agree / Like","Useful , If provided","Essential","Essential","Useful , If provided","Useful , If provided","Not essential","Not essential","Not essential","Not essential","Not essential","If rent is shared, managing that using the same app",""
"2018/07/27 10:39:19 AM GMT+5:30","Faculty of Science","Male","Level 3 (3rd year)","By friend","Agree / Like","Essential","Useful , If provided","Useful , If provided","Essential","Essential","Useful , If provided","Useful , If provided","Not essential","Not essential","Not essential","",""
"2018/07/27 10:42:20 AM GMT+5:30","Faculty of Science","Female","Level 1 (1st year)","By friend","Agree / Like","Essential","Essential","Essential","Essential","Essential","Useful , If provided","Useful , If provided","Useful , If provided","Not essential","Useful , If provided","",""
"2018/07/27 10:46:22 AM GMT+5:30","Faculty of Arts","Female","Level 2 (2nd year)","Through website","Agree / Like","Essential","Essential","Essential","Essential","Essential","Useful , If provided","Useful , If provided","Useful , If provided","Useful , If provided","Essential","",""
"2018/07/27 11:00:12 AM GMT+5:30","Faculty of Science","Male","Level 3 (3rd year)","By friend","Agree / Like","Essential","Essential","Essential","Essential","Essential","Useful , If provided","Essential","Useful , If provided","Useful , If provided","Essential","",""
"2018/07/27 11:00:23 AM GMT+5:30","Faculty of Science","Female","Level 2 (2nd year)","By friend","Agree / Like","Essential","Essential","Essential","Essential","Essential","Essential","Essential","Essential","Essential","Essential","Safety",""
"2018/07/27 11:00:45 AM GMT+5:30","Faculty of Science","Male","Level 2 (2nd year)","By friend","Agree / Like","Essential","Essential","Essential","Essential","Essential","Essential","Essential","Essential","Essential","Essential","",""
"2018/07/27 11:01:30 AM GMT+5:30","Faculty of Science","Female","Level 2 (2nd year)","By friend","Agree / Like","Essential","Essential","Essential","Essential","Essential","Useful , If provided","Useful , If provided","Useful , If provided","Useful , If provided","Useful , If provided","",""
"2018/07/27 11:02:44 AM GMT+5:30","Faculty of Science","Female","Level 3 (3rd year)","By friend","Agree / Like","Essential","Essential","Essential","Essential","Essential","Useful , If provided","Essential","Essential","Not essential","Essential","",""
"2018/07/27 11:05:28 AM GMT+5:30","Faculty of Science","Male","Level 2 (2nd year)","By friend","Agree / Like","Essential","Essential","Useful , If provided","Essential","Essential","Essential","Essential","Essential","Essential","Essential","",""
"2018/07/27 11:12:17 AM GMT+5:30","Faculty of Science","Male","Level 2 (2nd year)","By friend","Agree / Like","Essential","Essential","Essential","Essential","Essential","Essential","Essential","Essential","Useful , If provided","Useful , If provided","Distance from university ",""
"2018/07/27 11:16:00 AM GMT+5:30","Faculty of Management","Female","Level 2 (2nd year)","By friend","Agree / Like","Essential","Essential","Essential","Essential","Essential","Essential","Essential","Essential","Useful , If provided","Essential","",""
"2018/07/27 11:16:02 AM GMT+5:30","Faculty of Management","Female","Level 2 (2nd year)","By friend","Agree / Like","Essential","Essential","Essential","Essential","Essential","Useful , If provided","Essential","Useful , If provided","Useful , If provided","Useful , If provided","",""
"2018/07/27 11:16:26 AM GMT+5:30","Faculty of Science","Female","Level 2 (2nd year)","By friend","Agree / Like","Essential","Essential","Essential","Essential","Essential","Essential","Useful , If provided","Useful , If provided","Useful , If provided","Essential","Details about Contact numbers and about the availability of a  security(owners/security stay there or not).",""
"2018/07/27 11:27:08 AM GMT+5:30","Faculty of Science","Female","Level 3 (3rd year)","By friend","Agree / Like","Essential","Useful , If provided","Essential","Essential","Essential","Useful , If provided","Useful , If provided","Essential","Useful , If provided","Useful , If provided","",""
"2018/07/27 11:27:45 AM GMT+5:30","Faculty of Science","Male","Level 2 (2nd year)","By friend","Agree / Like","Essential","Useful , If provided","Essential","Essential","Essential","Useful , If provided","Essential","Useful , If provided","Useful , If provided","Essential","",""
"2018/07/27 11:28:15 AM GMT+5:30","Faculty of Science","Female","Level 1 (1st year)","By friend","Agree / Like","Essential","Essential","Essential","Essential","Essential","Useful , If provided","Essential","Essential","Useful , If provided","Essential","How long(how many years) they will give the room for rent
Do we need to pay the full amount monthly or have to pay some advance first
Do we have any time restriction to come to the room",""
"2018/07/27 11:33:52 AM GMT+5:30","Faculty of Science","Male","Level 1 (1st year)","By friend;Shops","Agree / Like","Essential","Essential","Essential","Essential","Useful , If provided","Useful , If provided","Useful , If provided","Useful , If provided","Useful , If provided","Essential","Distance from the university, current bill, water bill price",""
"2018/07/27 11:39:36 AM GMT+5:30","Faculty of Science","Male","Level 3 (3rd year)","By friend","Agree / Like","Essential","Essential","Essential","Essential","Essential","Not essential","Essential","Useful , If provided","Useful , If provided","Useful , If provided","",""
"2018/07/27 11:40:18 AM GMT+5:30","Faculty of Science","Male","Level 2 (2nd year)","By friend","Agree / Like","Essential","Essential","Essential","Essential","Essential","Useful , If provided","Useful , If provided","Useful , If provided","Useful , If provided","Useful , If provided","Transport",""
"2018/07/27 11:42:07 AM GMT+5:30","Faculty of Science","Female","Level 1 (1st year)","Through newspapers;By advertisements","Agree / Like","Essential","Essential","Essential","Essential","Essential","Useful , If provided","Essential","Useful , If provided","Useful , If provided","Useful , If provided","",""
"2018/07/27 11:58:34 AM GMT+5:30","Faculty of Science","Male","Level 3 (3rd year)","Through student welfare","Agree / Like","Useful , If provided","Essential","Essential","Essential","Essential","Useful , If provided","Useful , If provided","Essential","Essential","Essential","",""
"2018/07/27 12:11:25 PM GMT+5:30","Faculty of Science","Male","Level 4 ( 4th year)","By friend","Agree / Like","Essential","Essential","Essential","Essential","Essential","Essential","Useful , If provided","Useful , If provided","Useful , If provided","Essential","",""
"2018/07/27 12:17:45 PM GMT+5:30","Faculty of Science","Female","Level 3 (3rd year)","By friend","Agree / Like","Essential","Essential","Essential","Essential","Essential","Useful , If provided","Useful , If provided","Useful , If provided","Useful , If provided","Useful , If provided","",""
"2018/07/27 12:30:04 PM GMT+5:30","Faculty of Science","Female","Level 3 (3rd year)","By friend","Agree / Like","Essential","Essential","Essential","Essential","Essential","Useful , If provided","Essential","Useful , If provided","Useful , If provided","Essential","Distance to the university
",""
"2018/07/27 12:50:45 PM GMT+5:30","Faculty of Science","Male","Level 3 (3rd year)","By friend","Agree / Like","Essential","Essential","Essential","Essential","Essential","Essential","Essential","Useful , If provided","Essential","Useful , If provided","",""
"2018/07/27 12:51:19 PM GMT+5:30","Faculty of Management","Female","Level 2 (2nd year)","By friend","Agree / Like","Useful , If provided","Useful , If provided","Useful , If provided","Useful , If provided","Useful , If provided","Essential","Useful , If provided","Useful , If provided","Useful , If provided","Useful , If provided","",""
"2018/07/27 12:54:52 PM GMT+5:30","Faculty of Science","Female","Level 2 (2nd year)","By friend","Agree / Like","Essential","Essential","Essential","Essential","Essential","Essential","Essential","Useful , If provided","Useful , If provided","Useful , If provided","Study hall ",""
"2018/07/27 12:58:18 PM GMT+5:30","Faculty of Science","Male","Level 3 (3rd year)","We went to houses and asked from them.","Agree / Like","Essential","Essential","Essential","Useful , If provided","Essential","Useful , If provided","Essential","Not essential","Not essential","Useful , If provided","It will be useful if they specify the rent as per person or per room or per house. And also is it included the electricity bill and other payments or not. ",""
"2018/07/27 1:10:05 PM GMT+5:30","Faculty of Management","Female","Level 2 (2nd year)","By friend","Agree / Like","Essential","Essential","Essential","Essential","Essential","Useful , If provided","Essential","Essential","Not essential","Essential","",""
"2018/07/27 1:33:15 PM GMT+5:30","Faculty of Science","Male","Level 3 (3rd year)","By friend","Agree / Like","Essential","Essential","Essential","Essential","Essential","Useful , If provided","Useful , If provided","Essential","Useful , If provided","Useful , If provided","",""
"2018/07/27 1:39:10 PM GMT+5:30","Faculty of Science","Male","Level 3 (3rd year)","By friend","Agree / Like","Essential","Useful , If provided","Essential","Essential","Essential","Useful , If provided","Useful , If provided","Useful , If provided","Useful , If provided","Useful , If provided","",""
"2018/07/27 1:41:38 PM GMT+5:30","Faculty of Science","Male","Level 2 (2nd year)","By friend","Agree / Like","Essential","Useful , If provided","Useful , If provided","Essential","Useful , If provided","Useful , If provided","Useful , If provided","Essential","Useful , If provided","Essential","",""
"2018/07/27 1:51:49 PM GMT+5:30","Faculty of Science","Male","Level 3 (3rd year)","Through student welfare","Agree / Like","Essential","Essential","Essential","Essential","Essential","Useful , If provided","Useful , If provided","Useful , If provided","Useful , If provided","Essential","",""
"2018/07/27 3:06:05 PM GMT+5:30","Faculty of Science","Male","Level 2 (2nd year)","By our selves","Agree / Like","Useful , If provided","Useful , If provided","Essential","Essential","Essential","Useful , If provided","Essential","Not essential","Useful , If provided","Essential","",""
"2018/07/27 3:15:50 PM GMT+5:30","Faculty of Science","Male","Level 2 (2nd year)","By friend","Agree / Like","Essential","Essential","Essential","Useful , If provided","Essential","Useful , If provided","Useful , If provided","Useful , If provided","Not essential","Useful , If provided","",""
"2018/07/27 3:24:13 PM GMT+5:30","Faculty of Science","Female","Level 3 (3rd year)","By friend","Agree / Like","Essential","Essential","Essential","Essential","Essential","Useful , If provided","Essential","Useful , If provided","Not essential","Useful , If provided","",""
"2018/07/27 4:07:58 PM GMT+5:30","Faculty of Medicine","Female","Level 2 (2nd year)","By friend","Agree / Like","Essential","Essential","Essential","Essential","Essential","Useful , If provided","Useful , If provided","Useful , If provided","Not essential","Useful , If provided","Distance from University of Jaffna
Other conditions of Owner(ex.Veg/Non Veg cooking)
Review of the people who already stayed there ",""
"2018/07/27 4:14:17 PM GMT+5:30","Faculty of Science","Female","Level 2 (2nd year)","By friend","Agree / Like","Essential","Essential","Essential","Essential","Essential","Useful , If provided","Essential","Useful , If provided","Useful , If provided","Useful , If provided","",""
"2018/07/27 4:20:34 PM GMT+5:30","Faculty of Science","Female","Level 2 (2nd year)","By friend","Agree / Like","Useful , If provided","Useful , If provided","Essential","Essential","Essential","Essential","Essential","Useful , If provided","Useful , If provided","Essential","",""
"2018/07/27 4:20:37 PM GMT+5:30","Faculty of Science","Female","Level 2 (2nd year)","By friend","Agree / Like","Essential","Essential","Essential","Essential","Essential","Essential","Essential","Essential","Essential","Essential","",""
"2018/07/27 4:22:02 PM GMT+5:30","Faculty of Science","Female","Level 2 (2nd year)","By relatives ","Agree / Like","Useful , If provided","Useful , If provided","Useful , If provided","Useful , If provided","Useful , If provided","Useful , If provided","Useful , If provided","Useful , If provided","Useful , If provided","Useful , If provided","",""
"2018/07/27 5:15:58 PM GMT+5:30","Faculty of Science","Male","Level 3 (3rd year)","By friend","Agree / Like","Essential","Useful , If provided","Useful , If provided","Useful , If provided","Essential","Useful , If provided","Useful , If provided","Useful , If provided","Not essential","Useful , If provided","",""
"2018/07/27 5:27:27 PM GMT+5:30","Faculty of Science","Female","Level 2 (2nd year)","By friend","Disagree / Not like","Essential","Useful , If provided","Useful , If provided","Essential","Useful , If provided","Useful , If provided","Essential","Useful , If provided","Not essential","Useful , If provided","",""
"2018/07/27 5:51:50 PM GMT+5:30","Faculty of Science","Female","Level 2 (2nd year)","By friend","Agree / Like","Essential","Essential","Essential","Essential","Useful , If provided","Essential","Essential","Essential","Useful , If provided","Essential","",""
"2018/07/27 5:59:06 PM GMT+5:30","Faculty of Science","Female","Level 2 (2nd year)","By friend","Agree / Like","Essential","Essential","Essential","Essential","Essential","Essential","Essential","Essential","Useful , If provided","Useful , If provided","",""
"2018/07/27 6:05:04 PM GMT+5:30","Faculty of Science","Female","Level 2 (2nd year)","By friend","Agree / Like","Essential","Essential","Essential","Essential","Essential","Useful , If provided","Essential","Useful , If provided","Useful , If provided","Essential","",""
"2018/07/27 6:09:11 PM GMT+5:30","Faculty of Medicine","Male","Level 1 (1st year)","By friend","Agree / Like","Essential","Essential","Useful , If provided","Essential","Essential","Essential","Useful , If provided","Useful , If provided","Useful , If provided","Essential","",""
"2018/07/27 6:26:28 PM GMT+5:30","Faculty of Medicine","Male","Level 2 (2nd year)","By friend","Agree / Like","Essential","Essential","Essential","Essential","Essential","Essential","Essential","Useful , If provided","Essential","Essential","",""
"2018/07/27 6:28:04 PM GMT+5:30","Faculty of Science","Female","Level 2 (2nd year)","By friend","Agree / Like","Essential","Essential","Essential","Essential","Essential","Essential","Essential","Useful , If provided","Useful , If provided","Useful , If provided","",""
"2018/07/27 6:28:16 PM GMT+5:30","Faculty of Medicine","Female","Level 2 (2nd year)","By friend","Disagree / Not like","Useful , If provided","Useful , If provided","Useful , If provided","Useful , If provided","Useful , If provided","Useful , If provided","Useful , If provided","Essential","Essential","Essential","",""
"2018/07/27 6:29:33 PM GMT+5:30","Faculty of Management","Female","Level 2 (2nd year)","By friend","Agree / Like","Essential","Useful , If provided","Useful , If provided","Useful , If provided","Useful , If provided","Useful , If provided","Useful , If provided","Useful , If provided","Useful , If provided","Useful , If provided","",""
"2018/07/27 6:45:40 PM GMT+5:30","Faculty of Science","Male","Level 2 (2nd year)","By friend","Agree / Like","Essential","Essential","Essential","Essential","Essential","Essential","Essential","Essential","Essential","Essential","",""
"2018/07/27 6:46:17 PM GMT+5:30","Faculty of Medicine","Male","Level 2 (2nd year)","By friend","Agree / Like","Essential","Essential","Essential","Essential","Essential","Useful , If provided","Useful , If provided","Useful , If provided","Useful , If provided","Useful , If provided","",""
"2018/07/27 7:07:28 PM GMT+5:30","Faculty of Medicine","Female","Level 2 (2nd year)","By friend","Agree / Like","Essential","Essential","Essential","Essential","Essential","Essential","Essential","Essential","Useful , If provided","Essential","",""
"2018/07/27 7:12:36 PM GMT+5:30","Faculty of Management","Female","Level 4 ( 4th year)","By friend","Agree / Like","Essential","Essential","Essential","Essential","Essential","Essential","Not essential","Useful , If provided","Not essential","Essential","Furniture facilities and whether the rent includes the current bill or not",""
"2018/07/27 7:19:38 PM GMT+5:30","Faculty of Medicine","Female","Level 2 (2nd year)","By friend","Agree / Like","Essential","Essential","Essential","Essential","Essential","Useful , If provided","Useful , If provided","Useful , If provided","Useful , If provided","Useful , If provided","",""
"2018/07/27 7:22:22 PM GMT+5:30","Faculty of Medicine","Female","Level 2 (2nd year)","By friend","Agree / Like","Essential","Essential","Essential","Essential","Essential","Essential","Useful , If provided","Useful , If provided","Useful , If provided","Useful , If provided","Near to town",""
"2018/07/27 8:21:32 PM GMT+5:30","Faculty of Medicine","Male","Level 1 (1st year)","By friend","Agree / Like","Essential","Essential","Essential","Essential","Essential","Useful , If provided","Essential","Useful , If provided","Essential","Useful , If provided","",""
"2018/07/27 8:30:53 PM GMT+5:30","Faculty of Science","Female","Level 2 (2nd year)","By friend","Agree / Like","Useful , If provided","Essential","Essential","Essential","Essential","Useful , If provided","Essential","Essential","Not essential","Not essential","",""
"2018/07/27 8:54:37 PM GMT+5:30","Faculty of Science","Female","Level 2 (2nd year)","By friend","Agree / Like","Essential","Essential","Essential","Essential","Essential","Essential","Essential","Essential","Essential","Essential","Protection ",""
"2018/07/27 9:30:11 PM GMT+5:30","Faculty of Science","Male","Level 2 (2nd year)","By friend","Agree / Like","Essential","Essential","Essential","Essential","Useful , If provided","Useful , If provided","Useful , If provided","Not essential","Not essential","Useful , If provided","",""
"2018/07/27 9:31:32 PM GMT+5:30","FACULTY OF ENGINEERING","Male","Level 2 (2nd year)","By friend","Agree / Like","Essential","Essential","Essential","Essential","Essential","Essential","Essential","Essential","Essential","Essential","",""
"2018/07/27 9:34:31 PM GMT+5:30","Faculty of Science","Male","Level 2 (2nd year)","By friend","Agree / Like","Essential","Essential","Essential","Useful , If provided","Essential","Useful , If provided","Essential","Useful , If provided","Essential","Useful , If provided","Good for girls,advance,condition",""
"2018/07/27 9:37:22 PM GMT+5:30","Faculty of Science","Male","Level 1 (1st year)","By friend","Agree / Like","Useful , If provided","Essential","Essential","Essential","Essential","Useful , If provided","Not essential","Useful , If provided","Not essential","Useful , If provided","",""
"2018/07/27 9:39:44 PM GMT+5:30","Faculty of Science","Male","Level 1 (1st year)","By others","Agree / Like","Essential","Essential","Useful , If provided","Essential","Essential","Essential","Essential","Essential","Useful , If provided","Essential","Availability and functioning of Water supplying units",""
"2018/07/27 9:41:16 PM GMT+5:30","Faculty of Science","Male","Level 1 (1st year)","By friend","Agree / Like","Essential","Essential","Essential","Essential","Essential","Essential","Essential","Essential","Essential","Essential","",""
"2018/07/27 9:42:04 PM GMT+5:30","Faculty of Science","Male","Level 1 (1st year)","By friend","Agree / Like","Essential","Essential","Essential","Essential","Essential","Essential","Essential","Essential","Essential","Essential","",""
"2018/07/27 9:45:24 PM GMT+5:30","Faculty of Science","Male","Level 1 (1st year)","By friend","Agree / Like","Essential","Essential","Essential","Essential","Essential","Essential","Essential","Essential","Essential","Essential","",""
"2018/07/27 9:46:36 PM GMT+5:30","Faculty of Science","Male","Level 1 (1st year)","By friend","Agree / Like","Essential","Essential","Essential","Essential","Essential","Essential","Essential","Essential","Essential","Essential","",""
"2018/07/27 9:47:20 PM GMT+5:30","Faculty of Science","Male","Level 1 (1st year)","By friend","Agree / Like","Essential","Essential","Useful , If provided","Useful , If provided","Essential","Useful , If provided","Essential","Useful , If provided","Useful , If provided","Useful , If provided","",""
"2018/07/27 9:48:03 PM GMT+5:30","Faculty of Science","Male","Level 1 (1st year)","By friend;Through website","Agree / Like","Essential","Essential","Essential","Essential","Essential","Useful , If provided","Essential","Essential","Useful , If provided","Essential","",""
"2018/07/27 9:48:48 PM GMT+5:30","Faculty of Science","Male","Level 2 (2nd year)","By senior students...","Agree / Like","Essential","Essential","Essential","Essential","Essential","Not essential","Essential","Useful , If provided","Not essential","Not essential","Furnitures, cooking goods",""
"2018/07/27 9:49:28 PM GMT+5:30","Faculty of Science","Male","Level 1 (1st year)","By friend","Agree / Like","Essential","Essential","Essential","Essential","Essential","Useful , If provided","Essential","Useful , If provided","Essential","Useful , If provided","Distance to faculty",""
"2018/07/27 9:49:58 PM GMT+5:30","Faculty of Science","Male","Level 1 (1st year)","By friend","Agree / Like","Useful , If provided","Useful , If provided","Useful , If provided","Useful , If provided","Useful , If provided","Useful , If provided","Useful , If provided","Useful , If provided","Useful , If provided","Useful , If provided","",""
"2018/07/27 9:51:47 PM GMT+5:30","Faculty of Science","Female","Level 1 (1st year)","By friend","Agree / Like","Essential","Essential","Useful , If provided","Essential","Essential","Useful , If provided","Essential","Essential","Not essential","Useful , If provided","",""
"2018/07/27 9:52:41 PM GMT+5:30","Faculty of Science","Female","Level 1 (1st year)","By friend","Agree / Like","Essential","Essential","Essential","Essential","Useful , If provided","Useful , If provided","Useful , If provided","Useful , If provided","Not essential","Essential","",""
"2018/07/27 9:52:59 PM GMT+5:30","Faculty of Science","Female","Level 1 (1st year)","By friend","Agree / Like","Essential","Essential","Essential","Essential","Useful , If provided","Useful , If provided","Useful , If provided","Useful , If provided","Not essential","Essential","",""
"2018/07/27 9:53:06 PM GMT+5:30","Faculty of Science","Male","Level 1 (1st year)","By friend","Agree / Like","Essential","Not essential","Not essential","Not essential","Useful , If provided","Not essential","Not essential","Not essential","Useful , If provided","Not essential","Wifi and other e resourses like moodle ",""
"2018/07/27 9:53:20 PM GMT+5:30","Faculty of Science","Male","Level 1 (1st year)","By friend","Agree / Like","Essential","Essential","Essential","Essential","Essential","Useful , If provided","Useful , If provided","Useful , If provided","Useful , If provided","Not essential","",""
"2018/07/27 9:53:25 PM GMT+5:30","Faculty of Science","Female","Level 1 (1st year)","By friend","Agree / Like","Essential","Useful , If provided","Essential","Essential","Essential","Useful , If provided","Useful , If provided","Essential","Not essential","Essential","",""
"2018/07/27 9:53:39 PM GMT+5:30","Faculty of Science","Male","Level 1 (1st year)","By friend","Agree / Like","Not essential","Useful , If provided","Useful , If provided","Essential","Useful , If provided","Not essential","Not essential","Useful , If provided","Useful , If provided","Useful , If provided","",""
"2018/07/27 9:53:50 PM GMT+5:30","Faculty of Science","Female","Level 1 (1st year)","By friend","Agree / Like","Essential","Essential","Essential","Essential","Essential","Essential","Essential","Essential","Useful , If provided","Essential","",""
"2018/07/27 9:53:55 PM GMT+5:30","Faculty of Science","Female","Level 2 (2nd year)","By friend","Agree / Like","Essential","Useful , If provided","Useful , If provided","Useful , If provided","Essential","Useful , If provided","Essential","Essential","Useful , If provided","Useful , If provided","",""
"2018/07/27 9:54:06 PM GMT+5:30","Faculty of Science","Male","Level 1 (1st year)","By friend","Agree / Like","Essential","Essential","Essential","Essential","Essential","Useful , If provided","Useful , If provided","Essential","Useful , If provided","Not essential","",""
"2018/07/27 9:54:28 PM GMT+5:30","Faculty of Science","Male","Level 1 (1st year)","Through student welfare","Disagree / Not like","Essential","Not essential","Essential","Essential","Essential","Essential","Essential","Essential","Essential","Essential","",""
"2018/07/27 9:54:51 PM GMT+5:30","Faculty of Science","Male","Level 1 (1st year)","By friend","Agree / Like","Useful , If provided","Useful , If provided","Essential","Essential","Essential","Useful , If provided","Essential","Essential","Useful , If provided","Essential","",""
"2018/07/27 9:56:36 PM GMT+5:30","Faculty of Science","Male","Level 1 (1st year)","Through student welfare","Agree / Like","Essential","Essential","Useful , If provided","Essential","Essential","Useful , If provided","Essential","Useful , If provided","Useful , If provided","Essential","",""
"2018/07/27 9:57:16 PM GMT+5:30","Faculty of Science","Male","Level 1 (1st year)","By friend","Agree / Like","Useful , If provided","Useful , If provided","Not essential","Useful , If provided","Useful , If provided","Useful , If provided","Useful , If provided","Useful , If provided","Not essential","Useful , If provided","",""
"2018/07/27 9:57:47 PM GMT+5:30","Faculty of Science","Male","Level 1 (1st year)","By friend","Agree / Like","Essential","Essential","Essential","Essential","Essential","Useful , If provided","Useful , If provided","Useful , If provided","Not essential","Useful , If provided","Electricity charging",""
"2018/07/27 9:59:15 PM GMT+5:30","Faculty of Science","Male","Level 1 (1st year)","By friend","Agree / Like","Useful , If provided","Useful , If provided","Useful , If provided","Useful , If provided","Useful , If provided","Useful , If provided","Useful , If provided","Useful , If provided","Useful , If provided","Useful , If provided","",""
"2018/07/27 9:59:37 PM GMT+5:30","Faculty of Science","Male","Level 1 (1st year)","By friend","Agree / Like","Essential","Essential","Useful , If provided","Essential","Essential","Useful , If provided","Essential","Useful , If provided","Useful , If provided","Essential","Drinking water-Essential",""
"2018/07/27 10:01:36 PM GMT+5:30","Faculty of Science","Male","Level 1 (1st year)","By friend","Agree / Like","Essential","Useful , If provided","Useful , If provided","Essential","Essential","Essential","Useful , If provided","Useful , If provided","Useful , If provided","Essential","",""
"2018/07/27 10:01:42 PM GMT+5:30","Faculty of Science","Male","Level 2 (2nd year)","By friend","Agree / Like","Useful , If provided","Useful , If provided","Useful , If provided","Useful , If provided","Useful , If provided","Useful , If provided","Useful , If provided","Useful , If provided","Useful , If provided","Useful , If provided","",""
"2018/07/27 10:08:45 PM GMT+5:30","Faculty of Science","Male","Level 1 (1st year)","By friend","Agree / Like","Useful , If provided","Useful , If provided","Useful , If provided","Useful , If provided","Useful , If provided","Useful , If provided","Useful , If provided","Useful , If provided","Useful , If provided","Useful , If provided","",""
"2018/07/27 10:10:58 PM GMT+5:30","Faculty of Science","Female","Level 1 (1st year)","By friend","Agree / Like","Essential","Essential","Essential","Essential","Essential","Useful , If provided","Essential","Essential","Useful , If provided","Essential","",""
"2018/07/27 10:11:18 PM GMT+5:30","Faculty of Science","Male","Level 2 (2nd year)","By friend","Agree / Like","Essential","Essential","Essential","Essential","Essential","Essential","Essential","Essential","Essential","Essential","",""
"2018/07/27 10:18:15 PM GMT+5:30","Faculty of Science","Male","Level 1 (1st year)","By friend","Agree / Like","Essential","Essential","Essential","Useful , If provided","Essential","Useful , If provided","Useful , If provided","Useful , If provided","Useful , If provided","Useful , If provided","",""
"2018/07/27 10:31:16 PM GMT+5:30","Faculty of Science","Male","Level 1 (1st year)","By friend","Agree / Like","Essential","Essential","Essential","Essential","Useful , If provided","Essential","Useful , If provided","Useful , If provided","Useful , If provided","Useful , If provided","Wifi facilities",""
"2018/07/27 10:32:40 PM GMT+5:30","Faculty of Science","Female","Level 2 (2nd year)","By friend","Agree / Like","Essential","Essential","Essential","Essential","Essential","Useful , If provided","Essential","Essential","Useful , If provided","Useful , If provided","About the security of the surrounding. (especially if it is a girls' boarding house)
About the contact details of the owner, previously stayed ones etc.",""
"2018/07/27 10:39:32 PM GMT+5:30","Faculty of Science","Female","Level 1 (1st year)","By friend","Agree / Like","Essential","Essential","Useful , If provided","Essential","Essential","Useful , If provided","Essential","Essential","Useful , If provided","Essential","Security facilities ",""
"2018/07/27 10:44:28 PM GMT+5:30","Faculty of Science","Male","Level 1 (1st year)","By friend","Agree / Like","Useful , If provided","Useful , If provided","Useful , If provided","Useful , If provided","Essential","Useful , If provided","Useful , If provided","Essential","Not essential","Useful , If provided","",""
"2018/07/27 10:50:33 PM GMT+5:30","Faculty of Science","Female","Level 1 (1st year)","Through student welfare","Agree / Like","Useful , If provided","Useful , If provided","Useful , If provided","Useful , If provided","Useful , If provided","Useful , If provided","Essential","Useful , If provided","Useful , If provided","Useful , If provided","",""
"2018/07/27 10:52:13 PM GMT+5:30","Faculty of Science","Male","Level 1 (1st year)","By friend","Agree / Like","Essential","Essential","Essential","Essential","Not essential","Useful , If provided","Essential","Useful , If provided","Useful , If provided","Useful , If provided","",""
"2018/07/27 10:53:33 PM GMT+5:30","Faculty of Science","Female","Level 1 (1st year)","By friend","Agree / Like","Essential","Essential","Essential","Essential","Essential","Essential","Useful , If provided","Useful , If provided","Useful , If provided","Useful , If provided","",""
"2018/07/27 10:53:57 PM GMT+5:30","Faculty of Science","Female","Level 3 (3rd year)","By friend","Agree / Like","Essential","Essential","Essential","Essential","Essential","Essential","Essential","Essential","Essential","Essential","",""
"2018/07/27 10:57:37 PM GMT+5:30","Faculty of Science","Male","Level 1 (1st year)","By friend","Agree / Like","Essential","Essential","Essential","Essential","Useful , If provided","Useful , If provided","Essential","Essential","Essential","Essential","",""
"2018/07/27 10:59:45 PM GMT+5:30","Faculty of Science","Female","Level 1 (1st year)","By friend","Agree / Like","Essential","Useful , If provided","Essential","Useful , If provided","Essential","Useful , If provided","Useful , If provided","Useful , If provided","Useful , If provided","Useful , If provided","",""
"2018/07/27 11:03:05 PM GMT+5:30","Faculty of Science","Female","Level 2 (2nd year)","By friend","Agree / Like","Essential","Essential","Essential","Essential","Essential","Essential","Essential","Useful , If provided","Useful , If provided","Essential","",""
"2018/07/27 11:14:41 PM GMT+5:30","Faculty of Science","Female","Level 1 (1st year)","By friend","Agree / Like","Essential","Essential","Essential","Essential","Essential","Useful , If provided","Essential","Useful , If provided","Useful , If provided","Useful , If provided","",""
"2018/07/27 11:15:40 PM GMT+5:30","Faculty of Science","Male","Level 1 (1st year)","By friend","Agree / Like","Useful , If provided","Useful , If provided","Useful , If provided","Essential","Essential","Essential","Useful , If provided","Useful , If provided","Useful , If provided","Essential","FIlter drinking water",""
"2018/07/27 11:25:10 PM GMT+5:30","Faculty of Science","Male","Level 2 (2nd year)","By friend","Agree / Like","Essential","Essential","Essential","Essential","Essential","Useful , If provided","Essential","Essential","Useful , If provided","Useful , If provided","",""
"2018/07/27 11:40:03 PM GMT+5:30","Faculty of Science","Male","Level 1 (1st year)","By friend","Agree / Like","Useful , If provided","Useful , If provided","Essential","Essential","Useful , If provided","Useful , If provided","Useful , If provided","Useful , If provided","Useful , If provided","Essential","",""
"2018/07/27 11:42:17 PM GMT+5:30","Faculty of Science","Male","Level 2 (2nd year)","By friend","Agree / Like","Essential","Essential","Essential","Essential","Essential","Essential","Essential","Essential","Useful , If provided","Useful , If provided","Camera system available ",""
"2018/07/27 11:51:41 PM GMT+5:30","Faculty of Science","Male","Level 1 (1st year)","By friend","Agree / Like","Useful , If provided","Essential","Useful , If provided","Useful , If provided","Useful , If provided","Useful , If provided","Useful , If provided","Useful , If provided","Useful , If provided","Useful , If provided","",""
"2018/07/28 12:05:51 AM GMT+5:30","Faculty of Science","Male","Level 1 (1st year)","By friend;Through student welfare","Agree / Like","Essential","Essential","Essential","Essential","Essential","Essential","Essential","Essential","Essential","Essential","Drinking water Availability",""
"2018/07/28 12:10:51 AM GMT+5:30","Faculty of Science","Male","Level 2 (2nd year)","By friend","Agree / Like","Useful , If provided","Useful , If provided","Useful , If provided","Essential","Essential","Useful , If provided","Useful , If provided","Essential","Essential","Useful , If provided","Near by university
",""
"2018/07/28 12:19:10 AM GMT+5:30","Faculty of Science","Female","Level 1 (1st year)","By friend","Agree / Like","Essential","Essential","Essential","Essential","Essential","Essential","Essential","Essential","Essential","Essential","",""
"2018/07/28 12:20:20 AM GMT+5:30","Faculty of Science","Female","Level 1 (1st year)","By friend","Agree / Like","Essential","Essential","Essential","Essential","Essential","Essential","Essential","Essential","Essential","Essential","",""
"2018/07/28 12:34:00 AM GMT+5:30","Faculty of Science","Male","Level 2 (2nd year)","By friend","Agree / Like","Essential","Essential","Essential","Essential","Essential","Essential","Essential","Essential","Not essential","Useful , If provided","",""
"2018/07/28 2:35:23 AM GMT+5:30","Faculty of Science","Male","Level 2 (2nd year)","By friend","Agree / Like","Essential","Useful , If provided","Essential","Essential","Essential","Useful , If provided","Essential","Essential","Useful , If provided","Essential","",""
"2018/07/28 4:39:20 AM GMT+5:30","Faculty of Science","Male","Level 1 (1st year)","By friend","Agree / Like","Essential","Essential","Essential","Essential","Essential","Useful , If provided","Essential","Essential","Useful , If provided","Essential","",""
"2018/07/28 5:00:23 AM GMT+5:30","Faculty of Science","Female","Level 1 (1st year)","By friend","Agree / Like","Essential","Essential","Useful , If provided","Useful , If provided","Essential","Useful , If provided","Useful , If provided","Essential","Useful , If provided","Useful , If provided","",""
"2018/07/28 5:13:55 AM GMT+5:30","Faculty of Science","Male","Level 1 (1st year)","By friend","Agree / Like","Essential","Essential","Essential","Useful , If provided","Useful , If provided","Useful , If provided","Useful , If provided","Essential","Useful , If provided","Useful , If provided","",""
"2018/07/28 5:15:10 AM GMT+5:30","Faculty of Science","Male","Level 1 (1st year)","By friend","Agree / Like","Essential","Essential","Useful , If provided","Useful , If provided","Essential","Essential","Not essential","Essential","Not essential","Useful , If provided","",""
"2018/07/28 5:41:11 AM GMT+5:30","Faculty of Science","Male","Level 1 (1st year)","By friend","Agree / Like","Essential","Essential","Essential","Essential","Essential","Useful , If provided","Essential","Essential","Useful , If provided","Useful , If provided","",""
"2018/07/28 6:33:49 AM GMT+5:30","Faculty of Science","Male","Level 1 (1st year)","By friend","Agree / Like","Essential","Useful , If provided","Essential","Essential","Essential","Useful , If provided","Essential","Useful , If provided","Useful , If provided","Essential","",""
"2018/07/28 7:19:20 AM GMT+5:30","Faculty of Science","Female","Level 2 (2nd year)","Through website","Agree / Like","Useful , If provided","Useful , If provided","Useful , If provided","Not essential","Useful , If provided","Useful , If provided","Useful , If provided","Useful , If provided","Useful , If provided","Useful , If provided","",""
"2018/07/28 7:22:44 AM GMT+5:30","Faculty of Science","Male","Level 3 (3rd year)","By friend","Agree / Like","Essential","Essential","Essential","Essential","Essential","Essential","Essential","Essential","Essential","Essential","",""
"2018/07/28 7:28:18 AM GMT+5:30","Faculty of Science","Male","Level 1 (1st year)","By friend","Agree / Like","Essential","Essential","Essential","Essential","Useful , If provided","Useful , If provided","Useful , If provided","Essential","Useful , If provided","Useful , If provided","Pure water for drinking",""
"2018/07/28 7:36:09 AM GMT+5:30","Faculty of Medicine","Male","Level 4 ( 4th year)","By advertisements","Agree / Like","Essential","Essential","Essential","Essential","Essential","Useful , If provided","Essential","Useful , If provided","Useful , If provided","Not essential","In jaffna university students one of the main problem is the water. Students have to spend lots of their money to buy water. In main campus premises there is a water filter. If there is water transport facilities provided it will be very helpful for students.
",""
"2018/07/28 7:40:30 AM GMT+5:30","Faculty of Science","Female","Level 4 ( 4th year)","By friend","Agree / Like","Essential","Essential","Useful , If provided","Useful , If provided","Essential","Not essential","Useful , If provided","Not essential","Not essential","Useful , If provided","",""
"2018/07/28 7:47:25 AM GMT+5:30","Faculty of Science","Female","Level 1 (1st year)","By friend","Agree / Like","Essential","Essential","Essential","Essential","Essential","Essential","Essential","Essential","Not essential","Essential","",""
"2018/07/28 8:10:43 AM GMT+5:30","Faculty of Science","Male","Level 1 (1st year)","By friend","Agree / Like","Essential","Useful , If provided","Useful , If provided","Useful , If provided","Useful , If provided","Essential","Essential","Essential","Not essential","Essential","",""
"2018/07/28 8:11:24 AM GMT+5:30","Faculty of Science","Male","Level 1 (1st year)","Through student welfare","Agree / Like","Essential","Essential","Essential","Essential","Essential","Useful , If provided","Essential","Useful , If provided","Useful , If provided","Essential","Distance to the campus",""
"2018/07/28 8:12:43 AM GMT+5:30","Faculty of Science","Female","Level 2 (2nd year)","By friend","Agree / Like","Essential","Useful , If provided","Essential","Essential","Essential","Useful , If provided","Essential","Essential","Useful , If provided","Useful , If provided","",""
"2018/07/28 8:25:29 AM GMT+5:30","Faculty of Management","Female","Level 3 (3rd year)","By friend","Agree / Like","Essential","Useful , If provided","Essential","Essential","Essential","Useful , If provided","Essential","Useful , If provided","Useful , If provided","Essential","Current Bill and Water bill..",""
"2018/07/28 8:26:02 AM GMT+5:30","Faculty of Science","Male","Level 1 (1st year)","By friend","Agree / Like","Essential","Useful , If provided","Useful , If provided","Useful , If provided","Essential","Useful , If provided","Useful , If provided","Useful , If provided","Not essential","Essential","",""
"2018/07/28 8:28:57 AM GMT+5:30","Faculty of Management","Female","Level 3 (3rd year)","By friend","Agree / Like","Essential","Essential","Useful , If provided","Essential","Useful , If provided","Useful , If provided","Useful , If provided","Essential","Useful , If provided","Essential","",""
"2018/07/28 8:51:45 AM GMT+5:30","Faculty of Management","Male","Level 3 (3rd year)","By friend","Agree / Like","Essential","Essential","Essential","Essential","Essential","Essential","Useful , If provided","Essential","Essential","Not essential","",""
"2018/07/28 8:55:13 AM GMT+5:30","Faculty of Management","Female","Level 3 (3rd year)","By friend","Agree / Like","Essential","Essential","Essential","Essential","Essential","Useful , If provided","Essential","Useful , If provided","Not essential","Useful , If provided","",""
"2018/07/28 9:13:18 AM GMT+5:30","Faculty of Science","Female","Level 1 (1st year)","By friend","Agree / Like","Essential","Essential","Essential","Useful , If provided","Essential","Essential","Useful , If provided","Essential","Essential","Useful , If provided","Working with a friendly manner",""
"2018/07/28 9:13:42 AM GMT+5:30","Faculty of Science","Male","Level 2 (2nd year)","By friend;Through website","Agree / Like","Essential","Essential","Essential","Essential","Essential","Useful , If provided","Essential","Useful , If provided","Useful , If provided","Not essential","",""
"2018/07/28 9:13:47 AM GMT+5:30","Faculty of Science","Male","Level 2 (2nd year)","By friend","Agree / Like","Essential","Essential","Essential","Essential","Essential","Useful , If provided","Essential","Useful , If provided","Useful , If provided","Not essential","Security for boardings",""
"2018/07/28 9:27:00 AM GMT+5:30","Faculty of Medicine","Female","Level 4 ( 4th year)","By friend","Agree / Like","Essential","Essential","Essential","Essential","Essential","Essential","Essential","Essential","Useful , If provided","Useful , If provided","",""
"2018/07/28 9:31:59 AM GMT+5:30","Faculty of Management","Female","Level 3 (3rd year)","By friend","Agree / Like","Essential","Essential","Essential","Essential","Essential","Useful , If provided","Essential","Useful , If provided","Useful , If provided","Essential","",""
"2018/07/28 9:35:06 AM GMT+5:30","Faculty of Science","Male","Level 2 (2nd year)","By friend","Agree / Like","Essential","Useful , If provided","Useful , If provided","Useful , If provided","Useful , If provided","Useful , If provided","Useful , If provided","Useful , If provided","Useful , If provided","Useful , If provided","Owner's contact number",""
"2018/07/28 10:10:04 AM GMT+5:30","Faculty of Management","Female","Level 3 (3rd year)","By advertisements;Through website","Agree / Like","Useful , If provided","Useful , If provided","Essential","Essential","Essential","Essential","Essential","Useful , If provided","Useful , If provided","Essential","",""
"2018/07/28 10:10:45 AM GMT+5:30","Faculty of Management","Female","Level 3 (3rd year)","By friend","Agree / Like","Essential","Essential","Essential","Essential","Essential","Essential","Essential","Essential","Essential","Essential","",""
"2018/07/28 10:46:27 AM GMT+5:30","Faculty of Management","Female","Level 2 (2nd year)","By friend","Agree / Like","Essential","Useful , If provided","Useful , If provided","Essential","Essential","Useful , If provided","Essential","Useful , If provided","Essential","Useful , If provided","",""
"2018/07/28 11:02:27 AM GMT+5:30","Faculty of Science","Female","Level 2 (2nd year)","By friend","Agree / Like","Essential","Useful , If provided","Useful , If provided","Essential","Essential","Essential","Essential","Useful , If provided","Useful , If provided","Essential","",""
"2018/07/28 11:17:23 AM GMT+5:30","Faculty of Management","Male","Level 3 (3rd year)","By friend","Agree / Like","Essential","Essential","Essential","Essential","Essential","Essential","Essential","Essential","Essential","Useful , If provided","",""
"2018/07/28 11:23:09 AM GMT+5:30","Faculty of Science","Male","Level 2 (2nd year)","By friend","Agree / Like","Useful , If provided","Useful , If provided","Useful , If provided","Useful , If provided","Useful , If provided","Not essential","Not essential","Not essential","Not essential","Not essential","Security ",""
"2018/07/28 11:45:37 AM GMT+5:30","Faculty of Science","Female","Level 2 (2nd year)","By friend","Agree / Like","Essential","Essential","Essential","Essential","Essential","Useful , If provided","Essential","Essential","Not essential","Useful , If provided","No more",""
"2018/07/28 11:45:56 AM GMT+5:30","Faculty of Science","Female","Level 2 (2nd year)","By friend","Agree / Like","Essential","Useful , If provided","Essential","Essential","Essential","Essential","Useful , If provided","Useful , If provided","Useful , If provided","Essential","",""
"2018/07/28 11:51:01 AM GMT+5:30","Faculty of Science","Male","Level 1 (1st year)","By friend","Agree / Like","Useful , If provided","Useful , If provided","Useful , If provided","Useful , If provided","Not essential","Useful , If provided","Not essential","Useful , If provided","Useful , If provided","Useful , If provided","",""
"2018/07/28 12:19:07 PM GMT+5:30","Faculty of Science","Male","Level 1 (1st year)","By friend","Agree / Like","Essential","Useful , If provided","Useful , If provided","Essential","Useful , If provided","Essential","Useful , If provided","Useful , If provided","Useful , If provided","Essential","",""
"2018/07/28 12:24:11 PM GMT+5:30","Faculty of Science","Female","Level 2 (2nd year)","From senior sister","Agree / Like","Essential","Essential","Essential","Essential","Essential","Essential","Essential","Essential","Useful , If provided","Useful , If provided","",""
"2018/07/28 1:06:53 PM GMT+5:30","Faculty of Science","Male","Level 2 (2nd year)","By friend","Agree / Like","Essential","Essential","Essential","Essential","Essential","Essential","Essential","Essential","Essential","Essential","",""
"2018/07/28 1:08:54 PM GMT+5:30","Faculty of Science","Male","Level 2 (2nd year)","By friend","Agree / Like","Essential","Essential","Essential","Essential","Useful , If provided","Essential","Essential","Useful , If provided","Useful , If provided","Useful , If provided","",""
"2018/07/28 1:41:20 PM GMT+5:30","Faculty of Science","Male","Level 2 (2nd year)","By friend","Agree / Like","Essential","Useful , If provided","Useful , If provided","Useful , If provided","Essential","Not essential","Useful , If provided","Not essential","Useful , If provided","Essential","",""
"2018/07/28 2:03:21 PM GMT+5:30","Faculty of Science","Male","Level 2 (2nd year)","By friend","Agree / Like","Essential","Useful , If provided","Essential","Essential","Essential","Not essential","Useful , If provided","Not essential","Not essential","Not essential","",""
"2018/07/28 2:27:53 PM GMT+5:30","Faculty of Management","Male","Level 2 (2nd year)","By friend","Agree / Like","Useful , If provided","Essential","Useful , If provided","Not essential","Useful , If provided","Essential","Useful , If provided","Useful , If provided","Not essential","Useful , If provided","",""
"2018/07/28 3:36:26 PM GMT+5:30","Faculty of Science","Female","Level 2 (2nd year)","By friend","Agree / Like","Essential","Essential","Useful , If provided","Essential","Useful , If provided","Useful , If provided","Useful , If provided","Useful , If provided","Not essential","Useful , If provided","",""
"2018/07/28 4:20:24 PM GMT+5:30","Faculty of Science","Male","Level 3 (3rd year)","By friend","Agree / Like","Essential","Essential","Essential","Essential","Essential","Useful , If provided","Useful , If provided","Useful , If provided","Useful , If provided","Useful , If provided","",""
"2018/07/28 6:13:21 PM GMT+5:30","Faculty of Science","Female","Level 1 (1st year)","By friend","Agree / Like","Essential","Essential","Essential","Essential","Essential","Useful , If provided","Essential","Essential","Not essential","Essential","",""
"2018/07/28 6:14:31 PM GMT+5:30","Faculty of Science","Male","Level 1 (1st year)","By friend","Agree / Like","Useful , If provided","Useful , If provided","Useful , If provided","Essential","Useful , If provided","Essential","Essential","Essential","Not essential","Useful , If provided","",""
"2018/07/28 6:55:54 PM GMT+5:30","Faculty of Science","Male","Level 1 (1st year)","By friend","Agree / Like","Useful , If provided","Essential","Useful , If provided","Useful , If provided","Useful , If provided","Essential","Essential","Essential","Essential","Essential","",""
"2018/07/28 7:18:37 PM GMT+5:30","Faculty of Science","Female","Level 1 (1st year)","Through student welfare","Agree / Like","Useful , If provided","Useful , If provided","Essential","Essential","Not essential","Essential","Essential","Essential","Essential","Essential","",""
"2018/07/28 7:43:01 PM GMT+5:30","Faculty of Science","Male","Level 2 (2nd year)","By friend","Agree / Like","Essential","Not essential","Not essential","Essential","Essential","Essential","Useful , If provided","Essential","Not essential","Essential","",""
"2018/07/28 7:48:12 PM GMT+5:30","Faculty of Science","Male","Level 2 (2nd year)","By friend","Agree / Like","Essential","Useful , If provided","Essential","Essential","Essential","Useful , If provided","Useful , If provided","Useful , If provided","Useful , If provided","Useful , If provided","",""
"2018/07/28 7:52:48 PM GMT+5:30","Faculty of Science","Male","Level 2 (2nd year)","By friend","Agree / Like","Essential","Useful , If provided","Useful , If provided","Essential","Essential","Essential","Not essential","Useful , If provided","Essential","Not essential","",""
"2018/07/28 7:59:31 PM GMT+5:30","Faculty of Science","Male","Level 2 (2nd year)","By friend","Agree / Like","Essential","Essential","Not essential","Essential","Essential","Essential","Essential","Not essential","Not essential","Not essential","Water filter",""
"2018/07/28 8:11:51 PM GMT+5:30","Faculty of Science","Male","Level 2 (2nd year)","By friend","Agree / Like","Essential","Essential","Essential","Essential","Essential","Useful , If provided","Useful , If provided","Useful , If provided","Not essential","Not essential","",""
"2018/07/28 9:11:48 PM GMT+5:30","Faculty of Arts","Female","Level 2 (2nd year)","By friend","Agree / Like","Essential","Essential","Essential","Essential","Useful , If provided","Useful , If provided","Useful , If provided","Essential","Useful , If provided","Essential","",""
"2018/07/28 9:25:49 PM GMT+5:30","Faculty of Arts","Female","Level 2 (2nd year)","By friend","Agree / Like","Essential","Useful , If provided","Essential","Essential","Essential","Useful , If provided","Essential","Useful , If provided","Useful , If provided","Useful , If provided","",""
"2018/07/28 9:31:17 PM GMT+5:30","Faculty of Science","Male","Level 1 (1st year)","By friend","Agree / Like","Essential","Essential","Essential","Essential","Essential","Essential","Essential","Essential","Useful , If provided","Useful , If provided","",""
"2018/07/28 9:54:43 PM GMT+5:30","Faculty of Science","Male","Level 2 (2nd year)","By friend","Agree / Like","Essential","Essential","Essential","Essential","Essential","Useful , If provided","Essential","Useful , If provided","Not essential","Not essential","",""
"2018/07/28 9:55:31 PM GMT+5:30","Faculty of Science","Male","Level 2 (2nd year)","By friend","Agree / Like","Essential","Useful , If provided","Useful , If provided","Essential","Useful , If provided","Essential","Useful , If provided","Useful , If provided","Useful , If provided","Not essential","",""
"2018/07/28 10:01:26 PM GMT+5:30","Faculty of Arts","Female","Level 3 (3rd year)","By friend","Agree / Like","Useful , If provided","Essential","Essential","Essential","Useful , If provided","Essential","Essential","Useful , If provided","Essential","Essential","",""
"2018/07/28 10:04:29 PM GMT+5:30","Faculty of Science","Male","Level 2 (2nd year)","By friend","Agree / Like","Essential","Essential","Essential","Essential","Essential","Useful , If provided","Essential","Essential","Useful , If provided","Not essential","",""
"2018/07/28 10:09:19 PM GMT+5:30","Faculty of Science","Male","Level 2 (2nd year)","By friend","Agree / Like","Essential","Essential","Useful , If provided","Essential","Essential","Useful , If provided","Useful , If provided","Useful , If provided","Not essential","Useful , If provided","I want bed",""
"2018/07/28 11:44:38 PM GMT+5:30","Faculty of Science","Male","Level 2 (2nd year)","By friend;Through newspapers","Agree / Like","Essential","Essential","Essential","Essential","Essential","Useful , If provided","Useful , If provided","Not essential","Not essential","Not essential","",""
"2018/07/29 5:12:28 AM GMT+5:30","Faculty of Arts","Female","Level 2 (2nd year)","By friend","Agree / Like","Essential","Essential","Useful , If provided","Useful , If provided","Not essential","Essential","Useful , If provided","Essential","Essential","Essential","",""
"2018/07/29 5:22:26 AM GMT+5:30","Faculty of Science","Female","Level 1 (1st year)","By friend","Agree / Like","Essential","Useful , If provided","Essential","Useful , If provided","Useful , If provided","Not essential","Essential","Useful , If provided","Not essential","Useful , If provided","",""
"2018/07/29 6:20:23 AM GMT+5:30","Faculty of Science","Male","Level 1 (1st year)","By friend","Agree / Like","Essential","Essential","Essential","Essential","Essential","Essential","Essential","Essential","Essential","Essential","",""
"2018/07/29 6:21:35 AM GMT+5:30","Faculty of Science","Male","Level 1 (1st year)","By friend","Agree / Like","Useful , If provided","Useful , If provided","Useful , If provided","Essential","Useful , If provided","Useful , If provided","Essential","Useful , If provided","Useful , If provided","Useful , If provided","I agree",""
"2018/07/29 6:22:19 AM GMT+5:30","Faculty of Science","Male","Level 1 (1st year)","By friend","Agree / Like","Essential","Essential","Essential","Essential","Essential","Essential","Essential","Essential","Essential","Essential","",""
"2018/07/29 7:08:16 AM GMT+5:30","Faculty of Management","Female","Level 3 (3rd year)","By friend","Agree / Like","Essential","Essential","Essential","Essential","Essential","Essential","Essential","Useful , If provided","Useful , If provided","Useful , If provided","",""
"2018/07/29 9:32:15 AM GMT+5:30","Faculty of Science","Female","Level 2 (2nd year)","By friend;By advertisements","Agree / Like","Essential","Essential","Useful , If provided","Essential","Essential","Essential","Essential","Essential","Useful , If provided","Essential","",""
"2018/07/29 10:51:59 AM GMT+5:30","Faculty of Science","Female","Level 2 (2nd year)","By friend","Agree / Like","Essential","Useful , If provided","Useful , If provided","Essential","Essential","Not essential","Essential","Not essential","Useful , If provided","Useful , If provided","",""
"2018/07/29 11:03:15 AM GMT+5:30","Faculty of Science","Female","Level 2 (2nd year)","By friend","Agree / Like","Useful , If provided","Not essential","Useful , If provided","Not essential","Useful , If provided","Essential","Essential","Useful , If provided","Essential","Useful , If provided","",""
"2018/07/30 12:45:04 AM GMT+5:30","Faculty of Medicine","Female","Level 1 (1st year)","By friend","Agree / Like","Essential","Essential","Essential","Essential","Essential","Essential","Useful , If provided","Essential","Essential","Essential","",""
"2018/07/30 6:04:16 AM GMT+5:30","Faculty of Science","Male","Level 1 (1st year)","By friend","Agree / Like","Useful , If provided","Useful , If provided","Useful , If provided","Useful , If provided","Useful , If provided","Useful , If provided","Useful , If provided","Useful , If provided","Useful , If provided","Useful , If provided","",""
"2018/07/30 2:51:02 PM GMT+5:30","Faculty of Science","Female","Level 2 (2nd year)","By friend","Agree / Like","Essential","Essential","Essential","Essential","Essential","Essential","Essential","Essential","Useful , If provided","Useful , If provided","None",""
"2018/07/30 4:58:07 PM GMT+5:30","Faculty of Law","Female","Level 2 (2nd year)","By friend","Agree / Like","Useful , If provided","Essential","Essential","Essential","Essential","Useful , If provided","Essential","Essential","Useful , If provided","Not essential","",""
"2018/07/30 8:08:01 PM GMT+5:30","Faculty of Science","Male","Level 4 ( 4th year)","I'm coming from my home!","Agree / Like","Essential","Essential","Essential","Essential","Useful , If provided","Essential","Useful , If provided","Useful , If provided","Essential","Useful , If provided","Rating for previous years clients if possible, Owner details(If your application is for free of charge) .",""
"2018/07/30 11:20:16 PM GMT+5:30","Faculty of Science","Female","Level 3 (3rd year)","By friend","Agree / Like","Essential","Essential","Essential","Essential","Essential","Useful , If provided","Essential","Essential","Useful , If provided","Not essential","",""
"2018/07/31 6:52:20 AM GMT+5:30","Faculty of Science","Male","Level 4 ( 4th year)","By friend","Agree / Like","Essential","Useful , If provided","Useful , If provided","Essential","Essential","Useful , If provided","Useful , If provided","Useful , If provided","Not essential","Not essential","",""
"2018/07/31 1:11:33 PM GMT+5:30","Faculty of Arts","Female","Level 3 (3rd year)","By friend","Agree / Like","Essential","Useful , If provided","Useful , If provided","Useful , If provided","Essential","Useful , If provided","Useful , If provided","Not essential","Essential","Useful , If provided","Network facilities",""
"2018/08/18 5:55:18 AM GMT+5:30","Faculty of Medicine","Male","Level 3 (3rd year)","By friend","Agree / Like","Essential","Essential","Useful , If provided","Essential","Essential","Essential","Essential","Essential","Useful , If provided","Not essential","free water",""